,MAE,MAPE,WMAPE
metricas_baseline,241006.76853416147,6.015113956136854,0.058091445542672614
metricas_ARIMA_manual,140921.41694774144,3.3653355064704225,0.03396721539484736
metricas_ARIMA_auto,235858.61367389275,5.919166301856626,0.05685055193819214
metricas_Rigde_day_features,202070.10599892057,5.002830219955286,4.760747475074936
metricas_Random_Forest_day_features,135448.0698086949,3.249930234198037,4.967766155427878
metricas_XGboost_day_features,119821.77223188404,2.867814657142504,5.056203029229361
metricas_Ridge_lag_day,110316.58257291885,2.702171203477695,5.1070199086071915
metricas_Random_Forest_lag_day,110316.58257291885,2.702171203477695,5.1070199086071915
metricas_XGBoost_lag_day,91662.23226086961,2.2316502161656686,5.172063008041436
